category_id,category_title,category_description
0,CSS Frameworks & Libraries,"Discover powerful CSS frameworks and libraries that streamline web development and enhance the design of your web applications. These resources offer a wide range of pre-designed components, utilities, and styles to help you build responsive and visually appealing user interfaces quickly and efficiently."
1,Charting & Graphing Libraries,"Explore a variety of charting and graphing libraries to visualize data and insights effectively. These libraries provide interactive and customizable charts, graphs, and visualizations for presenting complex data in a clear and engaging manner."
2,Interactive Tools & Dashboards,"Find interactive tools and dashboards for creating dynamic and engaging user experiences. From real-time data visualization to interactive presentations, these tools empower you to build immersive and interactive web applications with ease."
3,Website Templates,"Browse a collection of website templates to kickstart your web development projects. These templates offer professionally designed layouts and styles for various industries and purposes, allowing you to create stunning websites quickly and effortlessly."
4,Code Editors & IDEs,"Discover feature-rich code editors and integrated development environments (IDEs) for writing and editing code efficiently. From syntax highlighting to code completion, these tools provide a seamless coding experience for developers of all levels."
5,Creative Coding & Generative Art,"Unlock your creativity with libraries and frameworks tailored for creative coding and generative art projects. These resources enable artists, designers, and developers to experiment with code and create unique and interactive artworks."
6,Game Development Frameworks,"Explore powerful game development frameworks for creating immersive gaming experiences. From 2D and 3D graphics to physics simulation, these frameworks provide the tools and features you need to bring your game ideas to life."
7,Augmented Reality & Virtual Reality,"Step into the world of augmented reality (AR) and virtual reality (VR) with libraries and platforms designed for building immersive experiences. From interactive AR apps to immersive VR environments, these resources offer the tools and capabilities to create cutting-edge AR/VR applications."
8,Natural Language Processing,"Harness the power of natural language processing (NLP) with libraries and tools for text analysis and processing. These resources enable developers to extract insights from text data, perform sentiment analysis, and build intelligent chatbots and virtual assistants."
9,Robotics & IoT,"Explore frameworks and platforms for building robotics projects and Internet of Things (IoT) applications. From machine learning algorithms to hardware integration, these resources provide the tools and technologies needed to develop intelligent robots and IoT devices."
10,Machine Learning & Deep Learning,"Delve into the world of machine learning and deep learning with libraries and frameworks for model training, deployment, and inference. From neural networks to reinforcement learning, these resources offer the algorithms and tools to tackle complex machine learning tasks."
11,Audio & Music Processing,"Create immersive audio experiences and music applications with libraries and tools for audio processing and synthesis. From real-time audio effects to music composition, these resources empower developers to explore the possibilities of sound."
12,Virtual Assistants & Chatbots,"Build intelligent virtual assistants and chatbots with platforms and libraries for natural language understanding and conversation management. These resources provide the building blocks for developing conversational AI applications that interact seamlessly with users."
13,Data Science & Visualization,"Unlock insights from data with libraries and tools for data analysis and visualization. From statistical analysis to machine learning models, these resources enable data scientists and analysts to explore, analyze, and visualize data effectively."
14,Miscellaneous,"Discover miscellaneous tools, libraries, and frameworks that span multiple categories or serve niche purposes. From TensorFlow.js for web-based machine learning to Pygame for game development, these resources offer unique capabilities for diverse projects and applications."
